dataset,trial,r2_train,r2_zero_test,seed,algorithm
678_visualizing_environmental,1,0.6150363668422194,-0.3897206430504316,29802,AlpineGP
678_visualizing_environmental,2,0.556928552310522,0.2940448675727132,22118,AlpineGP
678_visualizing_environmental,3,0.5827765948920208,0.1471888890083975,860,AlpineGP
678_visualizing_environmental,4,0.6060102670081451,0.290096350001408,15795,AlpineGP
678_visualizing_environmental,5,0.5743394551234959,-0.1995998806569918,21575,AlpineGP
678_visualizing_environmental,6,0.6127655950501847,-0.9039497801164584,5390,AlpineGP
678_visualizing_environmental,7,0.5878675292425309,-0.0778471568566632,11964,AlpineGP
678_visualizing_environmental,8,0.5663794587981827,0.1440437196220981,6265,AlpineGP
678_visualizing_environmental,9,0.5626716558017201,-0.7997216683690631,23654,AlpineGP
678_visualizing_environmental,10,0.5190289363471154,0.2265678993004022,11284,AlpineGP
706_sleuth_case1202,1,0.8924075511159583,0.6653977066266514,29802,AlpineGP
706_sleuth_case1202,2,0.9003289924541504,0.0843100989786631,22118,AlpineGP
706_sleuth_case1202,3,0.8682974995780238,0.4519104376068942,860,AlpineGP
706_sleuth_case1202,4,0.8540123042356046,0.7375067626166283,15795,AlpineGP
706_sleuth_case1202,5,0.8773275502254275,0.3959323951750642,21575,AlpineGP
706_sleuth_case1202,6,0.8906040855073943,0.4420788697483907,5390,AlpineGP
706_sleuth_case1202,7,0.8912451917036734,-0.0636093158240236,11964,AlpineGP
706_sleuth_case1202,8,0.8960433495969418,0.4709615883237034,6265,AlpineGP
706_sleuth_case1202,9,0.882204717503202,0.4849196814655248,23654,AlpineGP
706_sleuth_case1202,10,0.8540105375456282,0.7347537007860516,11284,AlpineGP
695_chatfield_4,1,0.8872629785682211,0.8721659208741159,29802,AlpineGP
695_chatfield_4,2,0.8883654429420512,0.8490596857783306,22118,AlpineGP
695_chatfield_4,3,0.8898093898017562,0.8757446148520541,860,AlpineGP
695_chatfield_4,4,0.9090961388430924,0.8223124871365941,15795,AlpineGP
695_chatfield_4,5,0.8979353733863021,0.8473631597980578,21575,AlpineGP
695_chatfield_4,6,0.8938038004523184,0.8449057187450779,5390,AlpineGP
695_chatfield_4,7,0.904405492622076,0.7855783052050869,11964,AlpineGP
695_chatfield_4,8,0.898255138106881,0.8015755382309779,6265,AlpineGP
695_chatfield_4,9,0.8997656127672903,0.8351006131776374,23654,AlpineGP
695_chatfield_4,10,0.8948461041810309,0.8720770515030913,11284,AlpineGP
522_pm10,1,0.3831422406947588,0.1329294947252077,29802,AlpineGP
522_pm10,2,0.3728864510567149,0.2794387678458921,22118,AlpineGP
522_pm10,3,0.412887093422574,0.2949216336882623,860,AlpineGP
522_pm10,4,0.4314842290266989,0.2190074180671756,15795,AlpineGP
522_pm10,5,0.4042125103884816,0.0927975099509464,21575,AlpineGP
522_pm10,6,0.3855760918540405,0.2057683841188955,5390,AlpineGP
522_pm10,7,0.3633425947968075,0.2217504064014176,11964,AlpineGP
522_pm10,8,0.3592317798621496,0.1137019979935446,6265,AlpineGP
522_pm10,9,0.357977372471,0.2014351772522681,23654,AlpineGP
522_pm10,10,0.3465106690052371,0.1857719837939787,11284,AlpineGP
547_no2,1,0.6059180813235618,0.4222362093327596,29802,AlpineGP
547_no2,2,0.6180234650616985,0.4565367574518041,22118,AlpineGP
547_no2,3,0.6119972932644904,0.5294364300620236,860,AlpineGP
547_no2,4,0.6383830412838505,0.4430595257869538,15795,AlpineGP
547_no2,5,0.5669271724505202,0.5983472858624419,21575,AlpineGP
547_no2,6,0.6295008087409713,0.4208286934899669,5390,AlpineGP
547_no2,7,0.6323181049017172,0.3657373229726604,11964,AlpineGP
547_no2,8,0.585193240182996,0.5808025507583374,6265,AlpineGP
547_no2,9,0.585658173076061,0.5544539055988045,23654,AlpineGP
547_no2,10,0.6169308442617647,0.4715628916202377,11284,AlpineGP
229_pwLinear,1,0.8956248226740388,0.831257092642294,29802,AlpineGP
229_pwLinear,2,0.8943704274153137,0.8810760834088766,22118,AlpineGP
229_pwLinear,3,0.9001821527517743,0.8526029017708638,860,AlpineGP
229_pwLinear,4,0.8943450704322652,0.7953574982645648,15795,AlpineGP
229_pwLinear,5,0.897098082579713,0.8692474670784387,21575,AlpineGP
229_pwLinear,6,0.8959896397747447,0.8646602092405107,5390,AlpineGP
229_pwLinear,7,0.909270302010896,0.867338827606763,11964,AlpineGP
229_pwLinear,8,0.8921031733342165,0.8599475811520985,6265,AlpineGP
229_pwLinear,9,0.8961622423366042,0.8941753497780971,23654,AlpineGP
229_pwLinear,10,0.9090209856625724,0.8131031228748091,11284,AlpineGP
666_rmftsa_ladata,1,0.6383021181765729,0.7666626611572139,29802,AlpineGP
666_rmftsa_ladata,2,0.7006585750304642,0.6283535490435306,22118,AlpineGP
666_rmftsa_ladata,3,0.6951754982021376,0.6340332139987159,860,AlpineGP
666_rmftsa_ladata,4,0.6660175992159459,0.7889454410156658,15795,AlpineGP
666_rmftsa_ladata,5,0.6907541907501209,0.6326261513542346,21575,AlpineGP
666_rmftsa_ladata,6,0.6980520130562237,0.7077532470849002,5390,AlpineGP
666_rmftsa_ladata,7,0.6939488855128524,0.5938368125539686,11964,AlpineGP
666_rmftsa_ladata,8,0.6898776543399607,0.6779023450920092,6265,AlpineGP
666_rmftsa_ladata,9,0.7231077495809539,0.6391612074365838,23654,AlpineGP
666_rmftsa_ladata,10,0.7013741812860388,0.524827847699881,11284,AlpineGP
227_cpu_small,1,0.9518392469784892,0.9572903554556688,29802,AlpineGP
227_cpu_small,2,0.9523913578776044,0.9477805711678078,22118,AlpineGP
227_cpu_small,3,0.9496040413746692,0.9520762917724168,860,AlpineGP
227_cpu_small,4,0.9516617598100277,0.9506680609485948,15795,AlpineGP
227_cpu_small,5,0.9354541302672968,0.9335574320822284,21575,AlpineGP
227_cpu_small,6,0.9325171398465196,0.9392481001183528,5390,AlpineGP
227_cpu_small,7,0.9500409230466592,0.9421783818668948,11964,AlpineGP
227_cpu_small,8,0.9559193857287204,0.9593938279962996,6265,AlpineGP
227_cpu_small,9,0.9554975024316632,0.9516104356832096,23654,AlpineGP
227_cpu_small,10,0.955219669013811,0.9465196982135792,11284,AlpineGP
542_pollution,1,0.8940659940649326,0.4872413056570408,29802,AlpineGP
542_pollution,2,0.8623232331287531,0.1072007081584537,22118,AlpineGP
542_pollution,3,0.8997797484437406,-0.2806564062645447,860,AlpineGP
542_pollution,4,0.8605948830168071,0.2002616754119538,15795,AlpineGP
542_pollution,5,0.8368337184902799,0.2002665165688073,21575,AlpineGP
542_pollution,6,0.8658992114877305,0.3878725341844437,5390,AlpineGP
542_pollution,7,0.8677530840833872,0.3542406746277227,11964,AlpineGP
542_pollution,8,0.8976008132280036,0.0344450853268762,6265,AlpineGP
542_pollution,9,0.8807488107324295,-1.9025008665653864,23654,AlpineGP
542_pollution,10,0.898439709153691,0.1459083753766256,11284,AlpineGP
210_cloud,1,0.943884162478212,0.3618040249363601,29802,AlpineGP
210_cloud,2,0.9306622704852016,0.9001714334366061,22118,AlpineGP
210_cloud,3,0.931027126758998,0.7077053783942548,860,AlpineGP
210_cloud,4,0.943386084513251,0.7855648671593132,15795,AlpineGP
210_cloud,5,0.9490090555879274,0.8728819866229243,21575,AlpineGP
210_cloud,6,0.9493293687626544,0.7568143472162481,5390,AlpineGP
210_cloud,7,0.9472607076429748,0.8987628848025128,11964,AlpineGP
210_cloud,8,0.9364317165249528,0.5617672429308037,6265,AlpineGP
210_cloud,9,0.9300309955926536,0.9485241764407548,23654,AlpineGP
210_cloud,10,0.9544575719773708,0.6894144677987852,11284,AlpineGP
523_analcatdata_neavote,1,0.9582300334612134,0.9386714303616808,29802,AlpineGP
523_analcatdata_neavote,2,0.9638237885042876,0.9152095576754284,22118,AlpineGP
523_analcatdata_neavote,3,0.9637411693056734,0.9113743392114432,860,AlpineGP
523_analcatdata_neavote,4,0.9536128203238624,0.9484574870335636,15795,AlpineGP
523_analcatdata_neavote,5,0.9528400818699696,0.9555480753002588,21575,AlpineGP
523_analcatdata_neavote,6,0.9469477274013106,0.9694100916316684,5390,AlpineGP
523_analcatdata_neavote,7,0.9656529293299564,0.903244449581866,11964,AlpineGP
523_analcatdata_neavote,8,0.9475894369194252,0.8977943324063037,6265,AlpineGP
523_analcatdata_neavote,9,0.9534332217559968,0.9511202894336984,23654,AlpineGP
523_analcatdata_neavote,10,0.9466394799975568,0.9749431974533076,11284,AlpineGP
687_sleuth_ex1605,1,0.8468757378668406,-0.3951063068184866,29802,AlpineGP
687_sleuth_ex1605,2,0.8720001040835381,0.244703493869335,22118,AlpineGP
687_sleuth_ex1605,3,0.8780916707366301,-0.5039063080477588,860,AlpineGP
687_sleuth_ex1605,4,0.8876605971220807,0.1292457201629334,15795,AlpineGP
687_sleuth_ex1605,5,0.8458736185783762,0.2792922257122184,21575,AlpineGP
687_sleuth_ex1605,6,0.8641305893875313,0.447290231771025,5390,AlpineGP
687_sleuth_ex1605,7,0.8527522121238889,0.6060612749051052,11964,AlpineGP
687_sleuth_ex1605,8,0.9193432299785051,0.2644273249565969,6265,AlpineGP
687_sleuth_ex1605,9,0.8768115975776802,-0.0134259395796847,23654,AlpineGP
687_sleuth_ex1605,10,0.8114850362450665,0.4063983818329976,11284,AlpineGP
712_chscase_geyser1,1,0.7731678933463484,0.8071731773145892,29802,AlpineGP
712_chscase_geyser1,2,0.8078550859002516,0.7484923685586484,22118,AlpineGP
712_chscase_geyser1,3,0.8185079925861299,0.7072464674827853,860,AlpineGP
712_chscase_geyser1,4,0.7837809163864075,0.8380674967561879,15795,AlpineGP
712_chscase_geyser1,5,0.7970770572659793,0.725954545501773,21575,AlpineGP
712_chscase_geyser1,6,0.8164632028917307,0.6173348441709923,5390,AlpineGP
712_chscase_geyser1,7,0.7934928864959542,0.7781386769075218,11964,AlpineGP
712_chscase_geyser1,8,0.8002311358977452,0.747954045470022,6265,AlpineGP
712_chscase_geyser1,9,0.8280507876086993,0.6966849006795852,23654,AlpineGP
712_chscase_geyser1,10,0.7899048289525511,0.7656500189255918,11284,AlpineGP
505_tecator,1,0.9849938221793044,0.9803652521254635,29802,AlpineGP
505_tecator,2,0.990004284769098,0.9888041303189906,22118,AlpineGP
505_tecator,3,0.9902269636924028,0.9866341562089298,860,AlpineGP
505_tecator,4,0.9865817685899064,0.9733492090347696,15795,AlpineGP
505_tecator,5,0.9887795738732812,0.989508930282217,21575,AlpineGP
505_tecator,6,0.9894117710247426,0.9863916793707818,5390,AlpineGP
505_tecator,7,0.9872229988082978,0.9942715264668988,11964,AlpineGP
505_tecator,8,0.9901984415483523,0.9842971036872236,6265,AlpineGP
505_tecator,9,0.9895442137320712,0.989629318075104,23654,AlpineGP
505_tecator,10,0.9888637415995593,0.989924123860705,11284,AlpineGP
1096_FacultySalaries,1,0.9767182507343752,0.9157994091559892,29802,AlpineGP
1096_FacultySalaries,2,0.9803888885908264,0.9165116967750282,22118,AlpineGP
1096_FacultySalaries,3,0.9780267552798292,0.8959509415826397,860,AlpineGP
1096_FacultySalaries,4,0.9996757503744214,0.1871531986289357,15795,AlpineGP
1096_FacultySalaries,5,0.9743169521032308,0.824006880198306,21575,AlpineGP
1096_FacultySalaries,6,0.9981737236075224,-0.6885135972061531,5390,AlpineGP
1096_FacultySalaries,7,0.987966684023294,0.9058329628455264,11964,AlpineGP
1096_FacultySalaries,8,0.9808426689279084,0.9442587900294288,6265,AlpineGP
1096_FacultySalaries,9,0.9769967601575328,0.953636642461188,23654,AlpineGP
1096_FacultySalaries,10,0.9748394957841016,0.8271533837436877,11284,AlpineGP
1030_ERA,1,0.3634042863512611,0.4649474149521507,29802,AlpineGP
1030_ERA,2,0.3765303505987721,0.4297029880473384,22118,AlpineGP
1030_ERA,3,0.3843828996747221,0.4213754140035408,860,AlpineGP
1030_ERA,4,0.3880868107634374,0.386598377629444,15795,AlpineGP
1030_ERA,5,0.3891715947542957,0.3964867576007236,21575,AlpineGP
1030_ERA,6,0.3955021797648402,0.3631139324474255,5390,AlpineGP
1030_ERA,7,0.3955586213104496,0.3735509794739262,11964,AlpineGP
1030_ERA,8,0.4050295021343415,0.3469670781197486,6265,AlpineGP
1030_ERA,9,0.4011884785657487,0.3585688050932099,23654,AlpineGP
1030_ERA,10,0.4040355887232861,0.3037834865837007,11284,AlpineGP
690_visualizing_galaxy,1,0.959902448033556,0.9644674407185324,29802,AlpineGP
690_visualizing_galaxy,2,0.968430479831604,0.9513042186390732,22118,AlpineGP
690_visualizing_galaxy,3,0.9723687540923116,0.9593230555260844,860,AlpineGP
690_visualizing_galaxy,4,0.9721445323103012,0.9438946783513268,15795,AlpineGP
690_visualizing_galaxy,5,0.968311122649418,0.957755215537606,21575,AlpineGP
690_visualizing_galaxy,6,0.9628681402017482,0.969910363322565,5390,AlpineGP
690_visualizing_galaxy,7,0.9694339423965034,0.9675527450179282,11964,AlpineGP
690_visualizing_galaxy,8,0.9678802529346736,0.9591759422278608,6265,AlpineGP
690_visualizing_galaxy,9,0.972463892876953,0.96427121477383,23654,AlpineGP
690_visualizing_galaxy,10,0.9702442815007138,0.9624784391555712,11284,AlpineGP
225_puma8NH,1,0.6739642075411374,0.6654427143229324,29802,AlpineGP
225_puma8NH,2,0.6729315904213492,0.6911847807152862,22118,AlpineGP
225_puma8NH,3,0.679309143573755,0.6872926941982471,860,AlpineGP
225_puma8NH,4,0.6624580941763337,0.6578770558609357,15795,AlpineGP
225_puma8NH,5,0.629980235121984,0.6427762819739213,21575,AlpineGP
225_puma8NH,6,0.6752309537512162,0.6959446638200384,5390,AlpineGP
225_puma8NH,7,0.6705610238920834,0.6729208413137082,11964,AlpineGP
225_puma8NH,8,0.6789976895262511,0.6729569166832152,6265,AlpineGP
225_puma8NH,9,0.6685400746413999,0.6600224288697472,23654,AlpineGP
225_puma8NH,10,0.6861488829778175,0.672096046174,11284,AlpineGP
1028_SWD,1,0.4234608156745707,0.4031667180930841,29802,AlpineGP
1028_SWD,2,0.4585377367925767,0.273833635254166,22118,AlpineGP
1028_SWD,3,0.4177891199098786,0.397006185828076,860,AlpineGP
1028_SWD,4,0.4275503388231506,0.3511422236195385,15795,AlpineGP
1028_SWD,5,0.4427590939027139,0.3472283948474569,21575,AlpineGP
1028_SWD,6,0.4379571133001612,0.3424478645232888,5390,AlpineGP
1028_SWD,7,0.4532215692221338,0.3448938242649798,11964,AlpineGP
1028_SWD,8,0.4547535653538238,0.2879606028402701,6265,AlpineGP
1028_SWD,9,0.4146826775369138,0.3885167484620655,23654,AlpineGP
1028_SWD,10,0.4362646090240681,0.3445419133177193,11284,AlpineGP
228_elusage,1,0.9402711852613126,0.5748033551476105,29802,AlpineGP
228_elusage,2,0.9032077604324924,0.2080306094349757,22118,AlpineGP
228_elusage,3,0.8961623151891974,0.8251184823456952,860,AlpineGP
228_elusage,4,0.8794829323200503,0.6382302417004018,15795,AlpineGP
228_elusage,5,0.8920129063345257,0.7762649502156784,21575,AlpineGP
228_elusage,6,0.8992919431336432,0.6874636350662042,5390,AlpineGP
228_elusage,7,0.8981352515734375,0.8252279300701475,11964,AlpineGP
228_elusage,8,0.9156604700307338,0.8015110590148261,6265,AlpineGP
228_elusage,9,0.9253694420735996,0.788649922746097,23654,AlpineGP
228_elusage,10,0.945136381171703,0.0970903936710303,11284,AlpineGP
529_pollen,1,0.7936416714066329,0.7762755533706103,29802,AlpineGP
529_pollen,2,0.796441760348724,0.785822276260983,22118,AlpineGP
529_pollen,3,0.7991947939401095,0.7785509876725825,860,AlpineGP
529_pollen,4,0.7932467702190998,0.7961060170024366,15795,AlpineGP
529_pollen,5,0.7842935305604609,0.8036993537176954,21575,AlpineGP
529_pollen,6,0.7939167974013728,0.7750304206624495,5390,AlpineGP
529_pollen,7,0.7986415668983129,0.7788932489798882,11964,AlpineGP
529_pollen,8,0.7929956828151925,0.7969016425934032,6265,AlpineGP
529_pollen,9,0.7930964536245204,0.7764647903809226,23654,AlpineGP
529_pollen,10,0.7903534660573458,0.8044481380206027,11284,AlpineGP
557_analcatdata_apnea1,1,0.8914047166943031,0.9094617101069528,29802,AlpineGP
557_analcatdata_apnea1,2,0.9036110536456616,0.8474897651392349,22118,AlpineGP
557_analcatdata_apnea1,3,0.8953790747919856,0.9613367834345102,860,AlpineGP
557_analcatdata_apnea1,4,0.908023689787066,0.8913546741014888,15795,AlpineGP
557_analcatdata_apnea1,5,0.903052922793348,0.8399972168013115,21575,AlpineGP
557_analcatdata_apnea1,6,0.8705288007322961,0.8833208976386117,5390,AlpineGP
557_analcatdata_apnea1,7,0.8941568465708954,0.925198723680233,11964,AlpineGP
557_analcatdata_apnea1,8,0.9136887542274436,0.890316485488605,6265,AlpineGP
557_analcatdata_apnea1,9,0.8864968855406027,0.7851059722676985,23654,AlpineGP
557_analcatdata_apnea1,10,0.8997581532647245,0.9032224765910176,11284,AlpineGP
560_bodyfat,1,0.9910864855195214,0.985136432022052,29802,AlpineGP
560_bodyfat,2,0.990099886206146,0.0043965399609599,22118,AlpineGP
560_bodyfat,3,0.9893452518475636,0.9855136161138024,860,AlpineGP
560_bodyfat,4,0.9950834257056178,0.980656506387755,15795,AlpineGP
560_bodyfat,5,0.9893975608541692,-0.2714515892127318,21575,AlpineGP
560_bodyfat,6,0.990355479924966,0.999229484883127,5390,AlpineGP
560_bodyfat,7,0.9919269021353008,0.961190683632748,11964,AlpineGP
560_bodyfat,8,0.9901572430689858,0.9981089974050942,6265,AlpineGP
560_bodyfat,9,0.9881845435261064,0.997713095247208,23654,AlpineGP
560_bodyfat,10,0.9893231476276574,0.9855876712045736,11284,AlpineGP
485_analcatdata_vehicle,1,0.9562516569062208,-0.1715601463048079,29802,AlpineGP
485_analcatdata_vehicle,2,0.923367244872187,0.6915099229217143,22118,AlpineGP
485_analcatdata_vehicle,3,0.9604647591076472,0.2433063202336524,860,AlpineGP
485_analcatdata_vehicle,4,0.9520250722813814,-0.6737070524617248,15795,AlpineGP
485_analcatdata_vehicle,5,0.9507200483563132,0.6530341640099258,21575,AlpineGP
485_analcatdata_vehicle,6,0.9585597123392826,-0.9885936466916884,5390,AlpineGP
485_analcatdata_vehicle,7,0.94160014383098,0.7809377158709528,11964,AlpineGP
485_analcatdata_vehicle,8,0.9602217418581384,0.4941168401088527,6265,AlpineGP
485_analcatdata_vehicle,9,0.9444591505658873,0.8756186124135065,23654,AlpineGP
485_analcatdata_vehicle,10,0.9377473634329327,0.5607232027926023,11284,AlpineGP
659_sleuth_ex1714,1,0.9553866020378122,0.8407921723701436,29802,AlpineGP
659_sleuth_ex1714,2,0.960944414409204,0.6629390384101823,22118,AlpineGP
659_sleuth_ex1714,3,0.9575710492424008,0.7378565910133414,860,AlpineGP
659_sleuth_ex1714,4,0.9566294824043644,-0.3691775680876572,15795,AlpineGP
659_sleuth_ex1714,5,0.9626805056094674,0.673499298569144,21575,AlpineGP
659_sleuth_ex1714,6,0.967712112663978,0.6966259977409986,5390,AlpineGP
659_sleuth_ex1714,7,0.96329951556284,0.4468762999622055,11964,AlpineGP
659_sleuth_ex1714,8,0.9611290179165568,0.6595450494850192,6265,AlpineGP
659_sleuth_ex1714,9,0.96843872582261,-0.0513431264589854,23654,AlpineGP
659_sleuth_ex1714,10,0.9484796239178718,0.8590605471888382,11284,AlpineGP
527_analcatdata_election2000,1,0.9930942724867888,0.9909657878527744,29802,AlpineGP
527_analcatdata_election2000,2,0.9990232530092272,0.9999001075227588,22118,AlpineGP
527_analcatdata_election2000,3,0.999827717483624,0.998066362960225,860,AlpineGP
527_analcatdata_election2000,4,0.9943528173173024,0.989153196744889,15795,AlpineGP
527_analcatdata_election2000,5,0.997711501919464,0.9809805075037978,21575,AlpineGP
527_analcatdata_election2000,6,0.9997656762303844,0.994551192140566,5390,AlpineGP
527_analcatdata_election2000,7,0.9977647930464764,0.995617920490958,11964,AlpineGP
527_analcatdata_election2000,8,0.9977439405971856,0.999257865427144,6265,AlpineGP
527_analcatdata_election2000,9,0.9972831883429464,0.9885665336066448,23654,AlpineGP
527_analcatdata_election2000,10,0.9926124817775728,0.9874342630385744,11284,AlpineGP
1029_LEV,1,0.5912523287801228,0.5281172607973044,29802,AlpineGP
1029_LEV,2,0.5867692526111826,0.5666741252566785,22118,AlpineGP
1029_LEV,3,0.5720317836484903,0.6053509114251944,860,AlpineGP
1029_LEV,4,0.6020650895653286,0.509125019893764,15795,AlpineGP
1029_LEV,5,0.5912300797285677,0.5346056414675295,21575,AlpineGP
1029_LEV,6,0.5817386010509586,0.5579745922847816,5390,AlpineGP
1029_LEV,7,0.5625944038035438,0.6088192797211671,11964,AlpineGP
1029_LEV,8,0.5959422783049066,0.5190838272286133,6265,AlpineGP
1029_LEV,9,0.5871010921001483,0.5518377891107307,23654,AlpineGP
1029_LEV,10,0.5610606946750363,0.6074637899802249,11284,AlpineGP
503_wind,1,0.7513195437817166,0.7335280247147118,29802,AlpineGP
503_wind,2,0.7647089508848839,0.7910251725408567,22118,AlpineGP
503_wind,3,0.7624443845016077,0.7462214508118151,860,AlpineGP
503_wind,4,0.7477021991255967,0.7411001862612401,15795,AlpineGP
503_wind,5,0.7550830870329456,0.7473679245673477,21575,AlpineGP
503_wind,6,0.7666632717631533,0.7612051808259551,5390,AlpineGP
503_wind,7,0.7634998627160516,0.75055150013649,11964,AlpineGP
503_wind,8,0.7664155280647018,0.7482862974681748,6265,AlpineGP
503_wind,9,0.7634392073277961,0.7576114609753869,23654,AlpineGP
503_wind,10,0.7665735237452824,0.7461809971293853,11284,AlpineGP
556_analcatdata_apnea2,1,0.8983578726921722,0.8667598134630898,29802,AlpineGP
556_analcatdata_apnea2,2,0.8880647520117964,0.8973126451019011,22118,AlpineGP
556_analcatdata_apnea2,3,0.8841522843825264,0.917993559573338,860,AlpineGP
556_analcatdata_apnea2,4,0.8917971610848209,0.8252935334175864,15795,AlpineGP
556_analcatdata_apnea2,5,0.8830839313326642,0.8201951318876419,21575,AlpineGP
556_analcatdata_apnea2,6,0.8906159111521197,0.8966855647602909,5390,AlpineGP
556_analcatdata_apnea2,7,0.9293866058804064,0.8283846759473867,11964,AlpineGP
556_analcatdata_apnea2,8,0.8916715783120244,0.8706178485565791,6265,AlpineGP
556_analcatdata_apnea2,9,0.8876050911965032,0.8567536962488703,23654,AlpineGP
556_analcatdata_apnea2,10,0.9007642473979014,0.8943392891662627,11284,AlpineGP
192_vineyard,1,0.8796395508713746,0.6531113566991043,29802,AlpineGP
192_vineyard,2,0.8555584633823902,0.4817066970438833,22118,AlpineGP
192_vineyard,3,0.8819391530259777,0.5146762776931855,860,AlpineGP
192_vineyard,4,0.8801092552020179,0.3335302363610153,15795,AlpineGP
192_vineyard,5,0.8870600937226522,-0.5939988337482807,21575,AlpineGP
192_vineyard,6,0.8951787731843179,-0.036477597759766,5390,AlpineGP
192_vineyard,7,0.8423758303126817,0.6136551228196641,11964,AlpineGP
192_vineyard,8,0.8565764058119841,0.0589336775715229,6265,AlpineGP
192_vineyard,9,0.8501007685219921,0.6407480101337515,23654,AlpineGP
192_vineyard,10,0.8881515325066104,0.2783313561029684,11284,AlpineGP
663_rabe_266,1,0.9963318792951192,0.9944571659599568,29802,AlpineGP
663_rabe_266,2,0.9960449686025732,0.9951265003933344,22118,AlpineGP
663_rabe_266,3,0.9966286261213916,0.9951027571127898,860,AlpineGP
663_rabe_266,4,0.9977953299810122,0.9961722222447632,15795,AlpineGP
663_rabe_266,5,0.995829672166526,0.993203248165681,21575,AlpineGP
663_rabe_266,6,0.995634735935481,0.9927080395057613,5390,AlpineGP
663_rabe_266,7,0.9957878590760464,0.995174404229894,11964,AlpineGP
663_rabe_266,8,0.9966844578793942,0.9943712810527008,6265,AlpineGP
663_rabe_266,9,0.9963026569250134,0.9961567401170858,23654,AlpineGP
663_rabe_266,10,0.9963112360791532,0.9959438857075869,11284,AlpineGP
665_sleuth_case2002,1,0.5735852739963965,0.3483944913945899,29802,AlpineGP
665_sleuth_case2002,2,0.5610915733175594,-0.008518205796542,22118,AlpineGP
665_sleuth_case2002,3,0.5985536735523878,0.285634461972175,860,AlpineGP
665_sleuth_case2002,4,0.5695959279183549,0.0514851822379324,15795,AlpineGP
665_sleuth_case2002,5,0.5727788143438051,0.1181336657144798,21575,AlpineGP
665_sleuth_case2002,6,0.5652317518404746,0.1753786139159328,5390,AlpineGP
665_sleuth_case2002,7,0.5648099341023285,0.1194354238051512,11964,AlpineGP
665_sleuth_case2002,8,0.5050974456332107,0.5188510823301363,6265,AlpineGP
665_sleuth_case2002,9,0.5771044544972879,0.3415038569000175,23654,AlpineGP
665_sleuth_case2002,10,0.5571583264351312,0.0925991385380057,11284,AlpineGP
1027_ESL,1,0.8745860173518267,0.8584778313640371,29802,AlpineGP
1027_ESL,2,0.8743636348129451,0.8722190100970827,22118,AlpineGP
1027_ESL,3,0.867468554857224,0.8745624315418928,860,AlpineGP
1027_ESL,4,0.8672828283721694,0.88441181583759,15795,AlpineGP
1027_ESL,5,0.8741540638778759,0.8602448689470964,21575,AlpineGP
1027_ESL,6,0.8725524492207339,0.8543254584080545,5390,AlpineGP
1027_ESL,7,0.8716405426615197,0.8597199084006231,11964,AlpineGP
1027_ESL,8,0.8721877704225705,0.8721609692883434,6265,AlpineGP
1027_ESL,9,0.8689060560357709,0.8633450445762385,23654,AlpineGP
1027_ESL,10,0.8799165790049631,0.8263484444421424,11284,AlpineGP
230_machine_cpu,1,0.9549089454605368,0.9289960846134838,29802,AlpineGP
230_machine_cpu,2,0.9528029046635,0.9345100057582758,22118,AlpineGP
230_machine_cpu,3,0.953385512286464,0.8746224596991334,860,AlpineGP
230_machine_cpu,4,0.9519171210429606,0.9335547216343242,15795,AlpineGP
230_machine_cpu,5,0.938381530557404,0.8466691682989296,21575,AlpineGP
230_machine_cpu,6,0.9574961940668668,0.8458684307271529,5390,AlpineGP
230_machine_cpu,7,0.9660795429846356,0.664430571232125,11964,AlpineGP
230_machine_cpu,8,0.9324853287848348,0.69587604343833,6265,AlpineGP
230_machine_cpu,9,0.95440682392764,0.864878677890216,23654,AlpineGP
230_machine_cpu,10,0.9551722312058656,0.7905152833510922,11284,AlpineGP
1089_USCrime,1,0.9560274649316473,0.7534298691060068,29802,AlpineGP
1089_USCrime,2,0.9693582011555982,0.8568143526042395,22118,AlpineGP
1089_USCrime,3,0.956919960354414,0.565820103134745,860,AlpineGP
1089_USCrime,4,0.9636573291802204,0.7167797850203366,15795,AlpineGP
1089_USCrime,5,0.9647429212730816,0.890348584522086,21575,AlpineGP
1089_USCrime,6,0.9519940138284154,0.794866576038383,5390,AlpineGP
1089_USCrime,7,0.9644255328084734,0.6411653693736279,11964,AlpineGP
1089_USCrime,8,0.9778683328582554,0.5254743159207195,6265,AlpineGP
1089_USCrime,9,0.9736848350016596,0.59772044787141,23654,AlpineGP
1089_USCrime,10,0.9590268040831588,0.7066007553479171,11284,AlpineGP
561_cpu,1,0.988018176982231,0.982155949907376,29802,AlpineGP
561_cpu,2,0.9915738223269124,0.9591677711470744,22118,AlpineGP
561_cpu,3,0.991653465803176,0.9321063903926404,860,AlpineGP
561_cpu,4,0.9874596166089712,0.97085210388977,15795,AlpineGP
561_cpu,5,0.988470952350488,0.9593766631203098,21575,AlpineGP
561_cpu,6,0.9864699930938016,0.954471133561262,5390,AlpineGP
561_cpu,7,0.992759490011068,0.9783473936854228,11964,AlpineGP
561_cpu,8,0.9932630658395668,0.8628640915315068,6265,AlpineGP
561_cpu,9,0.9871963852486156,0.9304359653956448,23654,AlpineGP
561_cpu,10,0.9882365599521848,0.9933351903124954,11284,AlpineGP
519_vinnie,1,0.778064332036953,0.674879713647081,29802,AlpineGP
519_vinnie,2,0.7670949723082623,0.7011612082702263,22118,AlpineGP
519_vinnie,3,0.7404644581023312,0.7810698906299822,860,AlpineGP
519_vinnie,4,0.76477479705889,0.7268234677199361,15795,AlpineGP
519_vinnie,5,0.7753683469219829,0.6823517936062491,21575,AlpineGP
519_vinnie,6,0.767887083813139,0.7120715183276773,5390,AlpineGP
519_vinnie,7,0.7624200887457154,0.7110210092544861,11964,AlpineGP
519_vinnie,8,0.7542153901449076,0.7587488135706967,6265,AlpineGP
519_vinnie,9,0.7467373888739486,0.7694240036663398,23654,AlpineGP
519_vinnie,10,0.7663180843972843,0.7131641467116381,11284,AlpineGP
197_cpu_act,1,0.936683237828152,0.9375265288804328,29802,AlpineGP
197_cpu_act,2,0.947524839063539,0.9457952996383564,22118,AlpineGP
197_cpu_act,3,0.9454938898427172,0.9447801917840852,860,AlpineGP
197_cpu_act,4,0.956949799787594,0.95879931833634,15795,AlpineGP
197_cpu_act,5,0.9536728527824768,0.9548218189521798,21575,AlpineGP
197_cpu_act,6,0.9414939999538464,0.9431168823221266,5390,AlpineGP
197_cpu_act,7,0.9529647091004136,0.9433548398250698,11964,AlpineGP
197_cpu_act,8,0.9605003283861242,0.9484254604546346,6265,AlpineGP
197_cpu_act,9,0.937134096119096,0.9331594664755488,23654,AlpineGP
197_cpu_act,10,0.9489723229966868,0.938404378842246,11284,AlpineGP
